{"Img_044_L_4.jpg": 119.81652640600127, "Img_038_R_2.jpg": 121.01652779682617, "Img_022_R_4.jpg": 97.082439194738, "Img_006_L_5.jpg": 96.25487000666512, "Img_036_L_1.jpg": 111.07204868912791, "Img_001_R_5.jpg": 46.69047011971501, "Img_077_R_1.jpg": 131.21737689803132, "Img_016_R_3.jpg": 109.77249200050075, "Img_052_R_1.jpg": 133.00375934536586, "Img_025_L_1.jpg": 63.60031446463138, "Img_053_L_2.jpg": 109.1146186356347, "Img_015_L_3.jpg": 99.32270636667126, "Img_036_L_5.jpg": 91.21403400793103, "Img_077_R_3.jpg": 126.37246535539299, "Img_041_L_5.jpg": 111.40017953306898, "Img_014_L_3.jpg": 90.78546139112804, "Img_034_L_4.jpg": 97.04638066409278, "Img_049_R_2.jpg": 117.47765745025733, "Img_037_L_4.jpg": 85.44003745317531, "Img_047_R_5.jpg": 103.74005976477939, "Img_075_L_5.jpg": 140.00357138301865, "Img_050_R_2.jpg": 126.11502686040232, "Img_069_L_1.jpg": 129.4488315899375, "Img_004_L_4.jpg": 103.9471019317037, "Img_012_R_4.jpg": 97.40636529508737, "Img_008_R_6.jpg": 108.45275469069469, "Img_023_R_1.jpg": 112.94689017409908, "Img_039_R_5.jpg": 146.57762448614045, "Img_024_R_1.jpg": 125.09996003196804, "Img_071_L_4.jpg": 125.31959144523253, "Img_041_R_4.jpg": 119.6202324023825, "Img_036_L_2.jpg": 111.42710621747295, "Img_070_R_1.jpg": 143.5687988387449, "Img_074_L_3.jpg": 118.51160280748886, "Img_046_L_1.jpg": 110.3675676999362, "Img_064_L_2.jpg": 112.14722466472365, "Img_076_L_1.jpg": 106.28264204469139, "Img_007_R_3.jpg": 98.79271228182775, "Img_002_R_4.jpg": 114.75626344561765, "Img_021_L_3.jpg": 74.32361670424818, "Img_039_R_3.jpg": 129.1394595001853, "Img_078_R_2.jpg": 128.09761902549164, "Img_061_L_3.jpg": 109.9317970379817, "Img_038_L_1.jpg": 122.3315167894194, "Img_030_L_4.jpg": 137.7679207943562, "Img_068_R_2.jpg": 87.20665112249179, "Img_064_L_5.jpg": 112.58774356030055, "Img_026_L_4.jpg": 75.31268153505093, "Img_067_R_3.jpg": 99.24716620639605, "Img_019_L_4.jpg": 126.3210196285638}